client_id,party_key,client_status,full_name,loaded_at
W-1001,P-1001,active,Elena Voss,2026-03-31 00:00:00
W-1004,P-1004,active,Marcus Okonkwo,2026-03-31 00:00:00
W-1005,P-1005,closed,Sofia Lind,2026-03-31 00:00:00
W-1007,P-1007,active,Rivera Family Office,2026-03-31 00:00:00
W-1009,P-1009,active,Priya Shah,2026-03-31 00:00:00
W-1011,P-1011,active,Lina Costa,2026-03-31 00:00:00
W-1012,P-1012,active,Tomás Álvarez,2026-03-31 00:00:00
W-1013,P-1013,active,Freya Nilsen,2026-03-31 00:00:00
W-1015,P-1015,active,Ingrid Bakker,2026-03-31 00:00:00
W-1017,P-1017,active,Yuki Tanaka,2026-03-31 00:00:00
W-1019,P-1019,active,Erik Johansson,2026-03-31 00:00:00
W-1020,P-1020,active,Aisha Mensah,2026-03-31 00:00:00
W-1023,P-1023,active,Leo Martins,2026-03-31 00:00:00
W-1025,P-1025,active,Oskar Bergman,2026-03-31 00:00:00
W-1026,P-1026,active,Nadia Petrov,2026-03-31 00:00:00
W-1028,P-1028,active,Samir Qureshi,2026-03-31 00:00:00
W-1029,P-1029,active,Clara Hoffmann,2026-03-31 00:00:00
W-1030,P-1030,active,Apex Ventures Ltd,2026-03-31 00:00:00
