portfolio_id,client_id,portfolio_status,market_value,portfolio_name
PF-01,W-1001,open,1200000.00,managed_equity
PF-02,W-1001,open,600000.00,fixed_income
PF-03,W-1004,open,4100000.00,global_equity
PF-04,W-1004,open,1800000.00,private_credit
PF-05,W-1004,open,500000.00,cash_reserve
PF-06,W-1005,closed,0.00,advisory
PF-07,W-1007,open,3100000.00,family_office
PF-08,W-1009,open,240000.00,retirement
PF-09,W-1011,open,85000.00,starter_isa
PF-10,W-1001,open,250000.00,esg_thematic
PF-11,W-1007,open,900000.00,alternatives
PF-12,W-1009,open,75000.00,cash_sweep
PF-13,W-1011,open,42000.00,global_equity
PF-14,W-1012,open,380000.00,balanced
PF-15,W-1013,open,125000.00,equity_index
PF-16,W-1015,open,560000.00,managed_equity
PF-17,W-1015,open,210000.00,fixed_income
PF-18,W-1017,open,95000.00,starter_isa
PF-19,W-1019,open,720000.00,retirement
PF-20,W-1019,open,180000.00,cash_reserve
PF-21,W-1020,open,210000.00,balanced
PF-22,W-1023,open,155000.00,equity_index
PF-23,W-1025,open,890000.00,managed_equity
PF-24,W-1025,open,340000.00,fixed_income
PF-25,W-1026,open,4500000.00,family_office
PF-26,W-1026,open,1200000.00,private_credit
PF-27,W-1028,open,67000.00,starter_isa
PF-28,W-1029,open,310000.00,balanced
PF-29,W-1030,open,12500000.00,growth_equity
PF-30,W-1030,open,4800000.00,private_credit
PF-31,W-1030,open,1500000.00,cash_reserve
