customer_id,banking_revenue_eur,wealth_revenue_eur,insurance_revenue_eur,banking_missed_payments,banking_payment_remark,insurance_claims,insurance_successful_claims,customer_service_notes,current_interest
C001,2900,1250,700,0,No,0,0,Banking: Requested a mortgage amortization statement three times; offered a lower rate elsewhere | Wealth: Requested a portfolio review,Mortgage refinancing
C002,520,0,0,0,No,0,0,Banking: Holds €95k in deposits | Wealth: Wants to invest €75k and requested a proposal,Wealth management
C003,240,880,0,0,No,0,0,"Wealth: Plans to invest €1,500 monthly | Insurance: Asked about home cover",Investment plan
C004,2100,0,660,2,Yes,0,0,Banking: Lost €200k gambling and missed two mortgage payments | Insurance: Car policy renewal approaching,Payment support
C005,310,0,630,0,No,2,1,Insurance: Called claims support 150 times; one claim approved and one under review | Banking: Asked about an overdraft,Claim resolution
C006,10800,0,1600,0,No,0,0,Banking: Considering moving a €50M business relationship to us | Insurance: Requested a liability cover proposal,Business banking
C007,1900,0,900,1,No,0,0,Banking: Requested more credit after a late payment and weaker forecast | Insurance: Liability policy renewal approaching,Credit increase
C008,180,4200,0,0,No,0,0,Wealth: €4.2M AUM but no advisor contact in 14 months | Banking: Salary account only; never opens app notifications,Reactivation
C009,95,0,1480,0,No,1,1,Insurance: Compared three home quotes and bought the mid-tier | Banking: Student loan almost paid; asking about a first credit card,Bundled protection
C010,0,9800,0,0,No,0,0,Wealth: Family office wants a sweep account and same-day FX | Banking: Entire operating cash sits at a competitor,Cash management
C011,1450,620,510,0,No,0,0,Banking: Happy with mortgage and cards | Wealth: Topped up ISA | Insurance: Renewed home and travel without shopping,Advocacy
C012,640,0,220,0,No,4,4,Insurance: Four small travel claims all paid within a week | Banking: Flagged two card disputes that reversed cleanly,Fraud watch
C013,7600,0,2100,0,No,0,0,Banking: Seasonal SME; draws a €2M revolving facility every Q4 | Insurance: Warehouse fire cover gap flagged by broker,Working capital
C014,410,150,0,3,Yes,0,0,Banking: Three missed card payments after a job loss; collections left two voicemails | Wealth: Tiny ETF still open,Hardship support
C015,70,0,90,0,No,0,0,Banking: Opened digital current account last week | Insurance: Clicked a pet-insurance banner then bounced,Onboarding nudge
C016,3200,1800,900,0,No,0,0,Banking: Dual-income household; asked about joint mortgage top-up | Wealth: Rebalancing into bonds,Mortgage refinancing
C017,880,0,0,0,No,0,0,Banking: €140k idle in savings | Wealth: Saw a webinar on index funds; requested a callback,Wealth management
C018,150,2400,400,0,No,0,0,Wealth: Monthly €2k DCA into global equity | Insurance: Travel policy for frequent trips,Investment plan
C019,4500,0,800,3,Yes,0,0,Banking: Three missed mortgage payments after divorce settlement | Insurance: Home policy still joint,Payment support
C020,220,0,1100,0,No,3,1,Insurance: Storm claim delayed 9 weeks; two prior water claims | Banking: Temporary overdraft used once,Claim resolution
C021,18500,2200,3500,0,No,0,0,Banking: Multi-entity group treasury RFP | Wealth: Escrow for acquisition | Insurance: Expanding D&O limits,Business banking
C022,2700,0,600,2,No,0,0,Banking: Wants credit-line increase after two late payments on cards | Insurance: Auto renewal due,Credit increase
C023,95,6100,0,0,No,0,0,Wealth: €6.1M AUM; last review was 18 months ago | Banking: Payroll only,Reactivation
C024,120,0,2100,0,No,0,0,Insurance: Shopping home + umbrella bundle | Banking: First-home deposit almost ready,Bundled protection
C025,40,15200,0,0,No,0,0,Wealth: Family office needs multi-currency operating account | Banking: Cash still at peer bank,Cash management
C026,2100,900,780,0,No,0,0,Banking: Mortgage + cards on autopay | Wealth: Annual ISA maxed | Insurance: Multi-policy discount applied,Advocacy
C027,580,0,340,0,No,5,5,"Insurance: Five micro claims (phone, luggage) all paid | Banking: One chargeback reversed",Fraud watch
C028,9400,0,2800,0,No,0,0,Banking: Q4 inventory spike needs larger RCF | Insurance: Cold-storage rider missing,Working capital
C029,300,80,0,4,Yes,0,0,Banking: Four missed payments; hardship application started | Wealth: Small brokerage left open,Hardship support
C030,55,0,40,0,No,0,0,Banking: Student account opened yesterday | Insurance: Saw renters-insurance ad,Onboarding nudge
C031,1600,450,0,0,No,0,0,Banking: Asking about green home renovation loan | Wealth: ESG fund interest,Credit increase
C032,0,0,920,0,No,1,0,Insurance: Only product; claim open for bike theft | Banking: No relationship yet,Claim resolution
C033,4100,300,1200,0,No,0,0,Banking: SME owner; personal + business accounts | Insurance: Key-person quote requested,Business banking
C034,700,1200,0,0,No,0,0,Wealth: Wants to move from advisory to discretionary | Banking: Salary + mortgage,Investment plan
C035,12500,0,4500,0,No,0,0,Banking: Clinic group expanding to three sites; needs facility upsizing | Insurance: Professional liability review,Working capital
