party_key,segment,region,channel,lifecycle,value_tier
P-1001,private,nordics,digital,established,affluent
P-1002,retail,nordics,branch,established,mass
P-1003,retail,emea,digital,onboarding,mass
P-1004,commercial,americas,partner,established,hnw
P-1005,retail,nordics,branch,dormant,mass
P-1006,retail,emea,digital,established,affluent
P-1007,private,americas,partner,established,uhnw
P-1008,retail,nordics,digital,at_risk,mass
P-1009,private,emea,branch,established,hnw
P-1010,commercial,nordics,partner,established,affluent
P-1011,retail,americas,digital,onboarding,mass
