account_id,banking_customer_id,account_status,product_name
A-01,B-1001,open,checking
A-02,B-1001,open,savings
A-03,B-1002,open,checking
A-04,B-1002,open,savings
A-05,B-1002,open,credit_card
A-06,B-1002,closed,checking
A-07,B-1004,open,private_checking
A-08,B-1005,closed,checking
A-09,B-1006,open,checking
A-10,B-1006,open,savings
A-11,B-1008,open,checking
A-12,B-1009,open,checking
A-13,B-1009,open,savings
A-14,B-1010,open,operating
A-15,B-1010,open,checking
A-16,B-1001,open,credit_card
A-17,B-1004,open,savings
A-18,B-1004,open,credit_card
A-19,B-1006,open,credit_card
A-20,B-1008,open,savings
A-21,B-1010,closed,savings
A-22,B-1012,open,checking
A-23,B-1012,open,savings
A-24,B-1013,open,checking
A-25,B-1013,open,credit_card
A-26,B-1014,open,checking
A-27,B-1014,open,savings
A-28,B-1014,open,credit_card
A-29,B-1015,open,checking
A-30,B-1016,open,operating
A-31,B-1016,open,checking
A-32,B-1016,open,merchant
A-33,B-1017,open,checking
A-34,B-1017,open,savings
A-35,B-1018,open,checking
A-36,B-1019,open,checking
A-37,B-1019,open,savings
A-38,B-1020,open,checking
A-39,B-1020,closed,savings
A-40,B-1021,open,operating
A-41,B-1021,open,checking
A-42,B-1022,closed,checking
A-43,B-1023,open,checking
A-44,B-1023,open,savings
A-45,B-1024,open,checking
A-46,B-1025,open,checking
A-47,B-1025,open,savings
A-48,B-1025,open,credit_card
A-49,B-1027,open,operating
A-50,B-1027,open,checking
A-51,B-1028,open,checking
A-52,B-1029,open,checking
A-53,B-1029,open,savings
A-54,B-1030,open,operating
A-55,B-1030,open,checking
A-56,B-1030,open,private_checking
