loan_id,banking_customer_id,loan_status,balance,product_name
L-01,B-1001,outstanding,420000.00,mortgage
L-02,B-1002,outstanding,480000.00,mortgage
L-03,B-1002,outstanding,130000.00,personal
L-04,B-1005,closed,0.00,auto
L-05,B-1006,outstanding,18000.00,auto
L-06,B-1010,outstanding,2500.00,working_capital
L-07,B-1001,outstanding,35000.00,heloc
L-08,B-1004,outstanding,950000.00,mortgage
L-09,B-1008,outstanding,12000.00,personal
L-10,B-1009,outstanding,275000.00,mortgage
L-11,B-1010,outstanding,180000.00,equipment
L-12,B-1012,outstanding,310000.00,mortgage
L-13,B-1013,outstanding,22000.00,auto
L-14,B-1014,outstanding,45000.00,personal
L-15,B-1016,outstanding,1200000.00,working_capital
L-16,B-1016,outstanding,400000.00,equipment
L-17,B-1017,closed,0.00,student
L-18,B-1019,outstanding,360000.00,mortgage
L-19,B-1021,outstanding,650000.00,working_capital
L-20,B-1023,outstanding,9000.00,auto
L-21,B-1025,outstanding,510000.00,mortgage
L-22,B-1027,outstanding,2200000.00,commercial_mortgage
L-23,B-1028,outstanding,15000.00,personal
L-24,B-1030,outstanding,5000000.00,acquisition
