insurance_customer_id,party_key,customer_status,full_name,loaded_at
I-1001,P-1001,active,Elena Voss,2026-03-31 00:00:00
I-1002,P-1002,inactive,Jonas Berg,2026-03-31 00:00:00
I-1003,P-1003,active,Amira Haddad,2026-03-31 00:00:00
I-1005,P-1005,closed,Sofia Lind,2026-03-31 00:00:00
I-1006,P-1006,active,Chen Wei,2026-03-31 00:00:00
I-1007,P-1007,active,Rivera Family Office,2026-03-31 00:00:00
I-1009,P-1009,active,Priya Shah,2026-03-31 00:00:00
I-1012,P-1012,active,Tomás Álvarez,2026-03-31 00:00:00
I-1013,P-1013,active,Freya Nilsen,2026-03-31 00:00:00
I-1014,P-1014,active,Omar Farouk,2026-03-31 00:00:00
I-1015,P-1015,active,Ingrid Bakker,2026-03-31 00:00:00
I-1016,P-1016,active,Nordic Retail AB,2026-03-31 00:00:00
I-1017,P-1017,active,Yuki Tanaka,2026-03-31 00:00:00
I-1019,P-1019,active,Erik Johansson,2026-03-31 00:00:00
I-1020,P-1020,active,Aisha Mensah,2026-03-31 00:00:00
I-1021,P-1021,active,Baltic Freight Oy,2026-03-31 00:00:00
I-1023,P-1023,active,Leo Martins,2026-03-31 00:00:00
I-1024,P-1024,inactive,Mei Lin,2026-03-31 00:00:00
I-1025,P-1025,active,Oskar Bergman,2026-03-31 00:00:00
I-1026,P-1026,active,Nadia Petrov,2026-03-31 00:00:00
I-1027,P-1027,active,Greenfield Clinics,2026-03-31 00:00:00
I-1029,P-1029,active,Clara Hoffmann,2026-03-31 00:00:00
I-1030,P-1030,active,Apex Ventures Ltd,2026-03-31 00:00:00
