policy_id,insurance_customer_id,policy_status,annual_premium,product_name
POL-01,I-1001,active,2800.00,home
POL-02,I-1001,active,2000.00,life
POL-03,I-1002,lapsed,900.00,auto
POL-04,I-1003,active,6400.00,life
POL-05,I-1003,active,4200.00,home
POL-06,I-1003,active,1800.00,umbrella
POL-07,I-1005,cancelled,1100.00,auto
POL-08,I-1006,active,1560.00,auto
POL-09,I-1007,active,14000.00,commercial_property
POL-10,I-1007,active,8000.00,key_person
POL-11,I-1009,active,3200.00,home
POL-12,I-1001,active,780.00,travel
POL-13,I-1006,active,2400.00,home
POL-14,I-1009,active,1100.00,auto
POL-15,I-1012,active,2100.00,home
POL-16,I-1012,active,890.00,auto
POL-17,I-1013,active,1500.00,home
POL-18,I-1014,active,4200.00,life
POL-19,I-1014,active,980.00,auto
POL-20,I-1015,active,1750.00,home
POL-21,I-1016,active,9200.00,commercial_property
POL-22,I-1016,active,3100.00,liability
POL-23,I-1017,active,640.00,renter
POL-24,I-1019,active,2600.00,home
POL-25,I-1019,active,1900.00,life
POL-26,I-1020,active,1300.00,home
POL-27,I-1021,active,7800.00,commercial_property
POL-28,I-1021,active,2200.00,fleet
POL-29,I-1023,active,990.00,auto
POL-30,I-1024,lapsed,1100.00,home
POL-31,I-1025,active,3400.00,home
POL-32,I-1025,active,2100.00,life
POL-33,I-1026,active,1800.00,home
POL-34,I-1027,active,15500.00,professional_liability
POL-35,I-1027,active,6200.00,property
POL-36,I-1029,active,1450.00,home
POL-37,I-1030,active,22000.00,d_and_o
POL-38,I-1030,active,11000.00,commercial_property
