allocation_id,party_key,month,cost
AC-P-1001-20250401,P-1001,2025-04-01,900.00
AC-P-1001-20250501,P-1001,2025-05-01,900.00
AC-P-1001-20250601,P-1001,2025-06-01,900.00
AC-P-1001-20250701,P-1001,2025-07-01,900.00
AC-P-1001-20250801,P-1001,2025-08-01,900.00
AC-P-1001-20250901,P-1001,2025-09-01,900.00
AC-P-1001-20251101,P-1001,2025-11-01,900.00
AC-P-1001-20251201,P-1001,2025-12-01,900.00
AC-P-1001-20260101,P-1001,2026-01-01,900.00
AC-P-1001-20260201,P-1001,2026-02-01,900.00
AC-P-1001-20260301,P-1001,2026-03-01,900.00
AC-P-1002-20250401,P-1002,2025-04-01,1100.00
AC-P-1002-20250501,P-1002,2025-05-01,1100.00
AC-P-1002-20250601,P-1002,2025-06-01,1100.00
AC-P-1002-20250701,P-1002,2025-07-01,1100.00
AC-P-1002-20250801,P-1002,2025-08-01,1100.00
AC-P-1002-20250901,P-1002,2025-09-01,1100.00
AC-P-1002-20251001,P-1002,2025-10-01,1100.00
AC-P-1002-20251101,P-1002,2025-11-01,1100.00
AC-P-1002-20251201,P-1002,2025-12-01,1100.00
AC-P-1002-20260101,P-1002,2026-01-01,1100.00
AC-P-1002-20260201,P-1002,2026-02-01,1100.00
AC-P-1002-20260301,P-1002,2026-03-01,1100.00
AC-P-1003-20250401,P-1003,2025-04-01,400.00
AC-P-1003-20250501,P-1003,2025-05-01,400.00
AC-P-1003-20250601,P-1003,2025-06-01,400.00
AC-P-1003-20250701,P-1003,2025-07-01,400.00
AC-P-1003-20250801,P-1003,2025-08-01,400.00
AC-P-1003-20250901,P-1003,2025-09-01,400.00
AC-P-1003-20251001,P-1003,2025-10-01,400.00
AC-P-1003-20251101,P-1003,2025-11-01,400.00
AC-P-1003-20251201,P-1003,2025-12-01,400.00
AC-P-1003-20260101,P-1003,2026-01-01,
AC-P-1003-20260201,P-1003,2026-02-01,
AC-P-1003-20260301,P-1003,2026-03-01,400.00
AC-P-1004-20250401,P-1004,2025-04-01,2000.00
AC-P-1004-20250501,P-1004,2025-05-01,2000.00
AC-P-1004-20250601,P-1004,2025-06-01,2000.00
AC-P-1004-20250701,P-1004,2025-07-01,2000.00
AC-P-1004-20250801,P-1004,2025-08-01,2000.00
AC-P-1004-20250901,P-1004,2025-09-01,2000.00
AC-P-1004-20251001,P-1004,2025-10-01,2000.00
AC-P-1004-20251101,P-1004,2025-11-01,2000.00
AC-P-1004-20251201,P-1004,2025-12-01,2000.00
AC-P-1004-20260101,P-1004,2026-01-01,2000.00
AC-P-1004-20260201,P-1004,2026-02-01,2000.00
AC-P-1004-20260301,P-1004,2026-03-01,4000.00
AC-P-1005-20250401,P-1005,2025-04-01,200.00
AC-P-1005-20250501,P-1005,2025-05-01,200.00
AC-P-1005-20250601,P-1005,2025-06-01,200.00
AC-P-1005-20250701,P-1005,2025-07-01,200.00
AC-P-1005-20250801,P-1005,2025-08-01,200.00
AC-P-1005-20250901,P-1005,2025-09-01,200.00
AC-P-1005-20251001,P-1005,2025-10-01,200.00
AC-P-1005-20251101,P-1005,2025-11-01,150.00
AC-P-1005-20251201,P-1005,2025-12-01,40.00
AC-P-1005-20260101,P-1005,2026-01-01,40.00
AC-P-1005-20260201,P-1005,2026-02-01,40.00
AC-P-1005-20260301,P-1005,2026-03-01,40.00
AC-P-1006-20250401,P-1006,2025-04-01,350.00
AC-P-1006-20250501,P-1006,2025-05-01,350.00
AC-P-1006-20250601,P-1006,2025-06-01,350.00
AC-P-1006-20250701,P-1006,2025-07-01,350.00
AC-P-1006-20250801,P-1006,2025-08-01,350.00
AC-P-1006-20250901,P-1006,2025-09-01,350.00
AC-P-1006-20251001,P-1006,2025-10-01,350.00
AC-P-1006-20251101,P-1006,2025-11-01,350.00
AC-P-1006-20251201,P-1006,2025-12-01,350.00
AC-P-1006-20260101,P-1006,2026-01-01,350.00
AC-P-1006-20260201,P-1006,2026-02-01,350.00
AC-P-1006-20260301,P-1006,2026-03-01,350.00
AC-P-1007-20250401,P-1007,2025-04-01,1200.00
AC-P-1007-20250501,P-1007,2025-05-01,1200.00
AC-P-1007-20250601,P-1007,2025-06-01,1200.00
AC-P-1007-20250701,P-1007,2025-07-01,1200.00
AC-P-1007-20250801,P-1007,2025-08-01,1200.00
AC-P-1007-20250901,P-1007,2025-09-01,1200.00
AC-P-1007-20251001,P-1007,2025-10-01,1200.00
AC-P-1007-20251101,P-1007,2025-11-01,1200.00
AC-P-1007-20251201,P-1007,2025-12-01,1200.00
AC-P-1007-20260101,P-1007,2026-01-01,1200.00
AC-P-1007-20260201,P-1007,2026-02-01,1200.00
AC-P-1007-20260301,P-1007,2026-03-01,1200.00
AC-P-1008-20260101,P-1008,2026-01-01,80.00
AC-P-1008-20260201,P-1008,2026-02-01,80.00
AC-P-1008-20260301,P-1008,2026-03-01,80.00
AC-P-1009-20250401,P-1009,2025-04-01,400.00
AC-P-1009-20250501,P-1009,2025-05-01,400.00
AC-P-1009-20250601,P-1009,2025-06-01,400.00
AC-P-1009-20250701,P-1009,2025-07-01,400.00
AC-P-1009-20250801,P-1009,2025-08-01,400.00
AC-P-1009-20250901,P-1009,2025-09-01,400.00
AC-P-1009-20251001,P-1009,2025-10-01,400.00
AC-P-1009-20251101,P-1009,2025-11-01,400.00
AC-P-1009-20251201,P-1009,2025-12-01,400.00
AC-P-1009-20260101,P-1009,2026-01-01,400.00
AC-P-1009-20260201,P-1009,2026-02-01,400.00
AC-P-1009-20260301,P-1009,2026-03-01,400.00
AC-P-1010-20250401,P-1010,2025-04-01,900.00
AC-P-1010-20250501,P-1010,2025-05-01,900.00
AC-P-1010-20250601,P-1010,2025-06-01,900.00
AC-P-1010-20250701,P-1010,2025-07-01,900.00
AC-P-1010-20250801,P-1010,2025-08-01,900.00
AC-P-1010-20250901,P-1010,2025-09-01,900.00
AC-P-1010-20251001,P-1010,2025-10-01,900.00
AC-P-1010-20251101,P-1010,2025-11-01,900.00
AC-P-1010-20251201,P-1010,2025-12-01,900.00
AC-P-1010-20260101,P-1010,2026-01-01,900.00
AC-P-1010-20260201,P-1010,2026-02-01,900.00
AC-P-1010-20260301,P-1010,2026-03-01,900.00
AC-P-1011-20250401,P-1011,2025-04-01,60.00
AC-P-1011-20250501,P-1011,2025-05-01,60.00
AC-P-1011-20250601,P-1011,2025-06-01,60.00
AC-P-1011-20250701,P-1011,2025-07-01,60.00
AC-P-1011-20250801,P-1011,2025-08-01,60.00
AC-P-1011-20250901,P-1011,2025-09-01,60.00
AC-P-1011-20251001,P-1011,2025-10-01,60.00
AC-P-1011-20251101,P-1011,2025-11-01,60.00
AC-P-1011-20251201,P-1011,2025-12-01,60.00
AC-P-1011-20260101,P-1011,2026-01-01,60.00
AC-P-1011-20260201,P-1011,2026-02-01,60.00
AC-P-1011-20260301,P-1011,2026-03-01,60.00
AC-P-1012-20250401,P-1012,2025-04-01,500.00
AC-P-1012-20250501,P-1012,2025-05-01,500.00
AC-P-1012-20250601,P-1012,2025-06-01,500.00
AC-P-1012-20250701,P-1012,2025-07-01,500.00
AC-P-1012-20250801,P-1012,2025-08-01,500.00
AC-P-1012-20250901,P-1012,2025-09-01,500.00
AC-P-1012-20251001,P-1012,2025-10-01,500.00
AC-P-1012-20251101,P-1012,2025-11-01,500.00
AC-P-1012-20251201,P-1012,2025-12-01,500.00
AC-P-1012-20260101,P-1012,2026-01-01,500.00
AC-P-1012-20260201,P-1012,2026-02-01,500.00
AC-P-1012-20260301,P-1012,2026-03-01,500.00
AC-P-1013-20250401,P-1013,2025-04-01,280.00
AC-P-1013-20250501,P-1013,2025-05-01,280.00
AC-P-1013-20250601,P-1013,2025-06-01,280.00
AC-P-1013-20250701,P-1013,2025-07-01,280.00
AC-P-1013-20250801,P-1013,2025-08-01,280.00
AC-P-1013-20250901,P-1013,2025-09-01,280.00
AC-P-1013-20251001,P-1013,2025-10-01,280.00
AC-P-1013-20251101,P-1013,2025-11-01,280.00
AC-P-1013-20251201,P-1013,2025-12-01,280.00
AC-P-1013-20260101,P-1013,2026-01-01,280.00
AC-P-1013-20260201,P-1013,2026-02-01,280.00
AC-P-1013-20260301,P-1013,2026-03-01,280.00
AC-P-1014-20250401,P-1014,2025-04-01,320.00
AC-P-1014-20250501,P-1014,2025-05-01,320.00
AC-P-1014-20250601,P-1014,2025-06-01,320.00
AC-P-1014-20250701,P-1014,2025-07-01,320.00
AC-P-1014-20250801,P-1014,2025-08-01,320.00
AC-P-1014-20250901,P-1014,2025-09-01,320.00
AC-P-1014-20251001,P-1014,2025-10-01,320.00
AC-P-1014-20251101,P-1014,2025-11-01,320.00
AC-P-1014-20251201,P-1014,2025-12-01,320.00
AC-P-1014-20260101,P-1014,2026-01-01,320.00
AC-P-1014-20260201,P-1014,2026-02-01,320.00
AC-P-1014-20260301,P-1014,2026-03-01,320.00
AC-P-1015-20250401,P-1015,2025-04-01,700.00
AC-P-1015-20250501,P-1015,2025-05-01,700.00
AC-P-1015-20250601,P-1015,2025-06-01,700.00
AC-P-1015-20250701,P-1015,2025-07-01,700.00
AC-P-1015-20250801,P-1015,2025-08-01,700.00
AC-P-1015-20250901,P-1015,2025-09-01,700.00
AC-P-1015-20251001,P-1015,2025-10-01,700.00
AC-P-1015-20251101,P-1015,2025-11-01,700.00
AC-P-1015-20251201,P-1015,2025-12-01,700.00
AC-P-1015-20260101,P-1015,2026-01-01,700.00
AC-P-1015-20260201,P-1015,2026-02-01,700.00
AC-P-1015-20260301,P-1015,2026-03-01,700.00
AC-P-1016-20250401,P-1016,2025-04-01,2800.00
AC-P-1016-20250501,P-1016,2025-05-01,2800.00
AC-P-1016-20250601,P-1016,2025-06-01,2800.00
AC-P-1016-20250701,P-1016,2025-07-01,2800.00
AC-P-1016-20250801,P-1016,2025-08-01,2800.00
AC-P-1016-20250901,P-1016,2025-09-01,2800.00
AC-P-1016-20251001,P-1016,2025-10-01,2800.00
AC-P-1016-20251101,P-1016,2025-11-01,2800.00
AC-P-1016-20251201,P-1016,2025-12-01,2800.00
AC-P-1016-20260101,P-1016,2026-01-01,2800.00
AC-P-1016-20260201,P-1016,2026-02-01,2800.00
AC-P-1016-20260301,P-1016,2026-03-01,2800.00
AC-P-1017-20250401,P-1017,2025-04-01,90.00
AC-P-1017-20250501,P-1017,2025-05-01,90.00
AC-P-1017-20250601,P-1017,2025-06-01,90.00
AC-P-1017-20250701,P-1017,2025-07-01,90.00
AC-P-1017-20250801,P-1017,2025-08-01,90.00
AC-P-1017-20250901,P-1017,2025-09-01,90.00
AC-P-1017-20251001,P-1017,2025-10-01,90.00
AC-P-1017-20251101,P-1017,2025-11-01,90.00
AC-P-1017-20251201,P-1017,2025-12-01,90.00
AC-P-1017-20260101,P-1017,2026-01-01,90.00
AC-P-1017-20260201,P-1017,2026-02-01,90.00
AC-P-1017-20260301,P-1017,2026-03-01,90.00
AC-P-1018-20250401,P-1018,2025-04-01,70.00
AC-P-1018-20250501,P-1018,2025-05-01,70.00
AC-P-1018-20250601,P-1018,2025-06-01,70.00
AC-P-1018-20250701,P-1018,2025-07-01,70.00
AC-P-1018-20250801,P-1018,2025-08-01,70.00
AC-P-1018-20250901,P-1018,2025-09-01,70.00
AC-P-1018-20251001,P-1018,2025-10-01,70.00
AC-P-1018-20251101,P-1018,2025-11-01,70.00
AC-P-1018-20251201,P-1018,2025-12-01,70.00
AC-P-1018-20260101,P-1018,2026-01-01,70.00
AC-P-1018-20260201,P-1018,2026-02-01,70.00
AC-P-1018-20260301,P-1018,2026-03-01,70.00
AC-P-1019-20250401,P-1019,2025-04-01,450.00
AC-P-1019-20250501,P-1019,2025-05-01,450.00
AC-P-1019-20250601,P-1019,2025-06-01,450.00
AC-P-1019-20250701,P-1019,2025-07-01,450.00
AC-P-1019-20250801,P-1019,2025-08-01,450.00
AC-P-1019-20250901,P-1019,2025-09-01,450.00
AC-P-1019-20251001,P-1019,2025-10-01,450.00
AC-P-1019-20251101,P-1019,2025-11-01,450.00
AC-P-1019-20251201,P-1019,2025-12-01,450.00
AC-P-1019-20260101,P-1019,2026-01-01,450.00
AC-P-1019-20260201,P-1019,2026-02-01,450.00
AC-P-1019-20260301,P-1019,2026-03-01,450.00
AC-P-1020-20250401,P-1020,2025-04-01,300.00
AC-P-1020-20250501,P-1020,2025-05-01,300.00
AC-P-1020-20250601,P-1020,2025-06-01,300.00
AC-P-1020-20250701,P-1020,2025-07-01,300.00
AC-P-1020-20250801,P-1020,2025-08-01,300.00
AC-P-1020-20250901,P-1020,2025-09-01,300.00
AC-P-1020-20251001,P-1020,2025-10-01,300.00
AC-P-1020-20251101,P-1020,2025-11-01,300.00
AC-P-1020-20251201,P-1020,2025-12-01,300.00
AC-P-1020-20260101,P-1020,2026-01-01,300.00
AC-P-1020-20260201,P-1020,2026-02-01,300.00
AC-P-1020-20260301,P-1020,2026-03-01,300.00
AC-P-1021-20250401,P-1021,2025-04-01,1600.00
AC-P-1021-20250501,P-1021,2025-05-01,1600.00
AC-P-1021-20250601,P-1021,2025-06-01,1600.00
AC-P-1021-20250701,P-1021,2025-07-01,1600.00
AC-P-1021-20250801,P-1021,2025-08-01,1600.00
AC-P-1021-20250901,P-1021,2025-09-01,1600.00
AC-P-1021-20251001,P-1021,2025-10-01,1600.00
AC-P-1021-20251101,P-1021,2025-11-01,1600.00
AC-P-1021-20251201,P-1021,2025-12-01,1600.00
AC-P-1021-20260101,P-1021,2026-01-01,1600.00
AC-P-1021-20260201,P-1021,2026-02-01,1600.00
AC-P-1021-20260301,P-1021,2026-03-01,1600.00
AC-P-1022-20251101,P-1022,2025-11-01,40.00
AC-P-1022-20251201,P-1022,2025-12-01,40.00
AC-P-1022-20260101,P-1022,2026-01-01,40.00
AC-P-1022-20260201,P-1022,2026-02-01,40.00
AC-P-1022-20260301,P-1022,2026-03-01,40.00
AC-P-1023-20250401,P-1023,2025-04-01,220.00
AC-P-1023-20250501,P-1023,2025-05-01,220.00
AC-P-1023-20250601,P-1023,2025-06-01,220.00
AC-P-1023-20250701,P-1023,2025-07-01,220.00
AC-P-1023-20250801,P-1023,2025-08-01,220.00
AC-P-1023-20250901,P-1023,2025-09-01,220.00
AC-P-1023-20251001,P-1023,2025-10-01,220.00
AC-P-1023-20251101,P-1023,2025-11-01,220.00
AC-P-1023-20251201,P-1023,2025-12-01,220.00
AC-P-1023-20260101,P-1023,2026-01-01,220.00
AC-P-1023-20260201,P-1023,2026-02-01,220.00
AC-P-1023-20260301,P-1023,2026-03-01,220.00
AC-P-1024-20250401,P-1024,2025-04-01,180.00
AC-P-1024-20250501,P-1024,2025-05-01,180.00
AC-P-1024-20250601,P-1024,2025-06-01,180.00
AC-P-1024-20250701,P-1024,2025-07-01,180.00
AC-P-1024-20250801,P-1024,2025-08-01,180.00
AC-P-1024-20250901,P-1024,2025-09-01,180.00
AC-P-1024-20251001,P-1024,2025-10-01,180.00
AC-P-1024-20251101,P-1024,2025-11-01,180.00
AC-P-1024-20251201,P-1024,2025-12-01,180.00
AC-P-1024-20260101,P-1024,2026-01-01,180.00
AC-P-1024-20260201,P-1024,2026-02-01,180.00
AC-P-1024-20260301,P-1024,2026-03-01,180.00
AC-P-1025-20250401,P-1025,2025-04-01,620.00
AC-P-1025-20250501,P-1025,2025-05-01,620.00
AC-P-1025-20250601,P-1025,2025-06-01,620.00
AC-P-1025-20250701,P-1025,2025-07-01,620.00
AC-P-1025-20250801,P-1025,2025-08-01,620.00
AC-P-1025-20250901,P-1025,2025-09-01,620.00
AC-P-1025-20251001,P-1025,2025-10-01,620.00
AC-P-1025-20251101,P-1025,2025-11-01,620.00
AC-P-1025-20251201,P-1025,2025-12-01,620.00
AC-P-1025-20260101,P-1025,2026-01-01,620.00
AC-P-1025-20260201,P-1025,2026-02-01,620.00
AC-P-1025-20260301,P-1025,2026-03-01,620.00
AC-P-1026-20250401,P-1026,2025-04-01,2100.00
AC-P-1026-20250501,P-1026,2025-05-01,2100.00
AC-P-1026-20250601,P-1026,2025-06-01,2100.00
AC-P-1026-20250701,P-1026,2025-07-01,2100.00
AC-P-1026-20250801,P-1026,2025-08-01,2100.00
AC-P-1026-20250901,P-1026,2025-09-01,2100.00
AC-P-1026-20251001,P-1026,2025-10-01,2100.00
AC-P-1026-20251101,P-1026,2025-11-01,2100.00
AC-P-1026-20251201,P-1026,2025-12-01,2100.00
AC-P-1026-20260101,P-1026,2026-01-01,2100.00
AC-P-1026-20260201,P-1026,2026-02-01,2100.00
AC-P-1026-20260301,P-1026,2026-03-01,2100.00
AC-P-1027-20250401,P-1027,2025-04-01,3500.00
AC-P-1027-20250501,P-1027,2025-05-01,3500.00
AC-P-1027-20250601,P-1027,2025-06-01,3500.00
AC-P-1027-20250701,P-1027,2025-07-01,3500.00
AC-P-1027-20250801,P-1027,2025-08-01,3500.00
AC-P-1027-20250901,P-1027,2025-09-01,3500.00
AC-P-1027-20251001,P-1027,2025-10-01,3500.00
AC-P-1027-20251101,P-1027,2025-11-01,3500.00
AC-P-1027-20251201,P-1027,2025-12-01,3500.00
AC-P-1027-20260101,P-1027,2026-01-01,3500.00
AC-P-1027-20260201,P-1027,2026-02-01,3500.00
AC-P-1027-20260301,P-1027,2026-03-01,3500.00
AC-P-1028-20250401,P-1028,2025-04-01,150.00
AC-P-1028-20250501,P-1028,2025-05-01,150.00
AC-P-1028-20250601,P-1028,2025-06-01,150.00
AC-P-1028-20250701,P-1028,2025-07-01,150.00
AC-P-1028-20250801,P-1028,2025-08-01,150.00
AC-P-1028-20250901,P-1028,2025-09-01,150.00
AC-P-1028-20251001,P-1028,2025-10-01,150.00
AC-P-1028-20251101,P-1028,2025-11-01,150.00
AC-P-1028-20251201,P-1028,2025-12-01,150.00
AC-P-1028-20260101,P-1028,2026-01-01,150.00
AC-P-1028-20260201,P-1028,2026-02-01,150.00
AC-P-1028-20260301,P-1028,2026-03-01,150.00
AC-P-1029-20250401,P-1029,2025-04-01,310.00
AC-P-1029-20250501,P-1029,2025-05-01,310.00
AC-P-1029-20250601,P-1029,2025-06-01,310.00
AC-P-1029-20250701,P-1029,2025-07-01,310.00
AC-P-1029-20250801,P-1029,2025-08-01,310.00
AC-P-1029-20250901,P-1029,2025-09-01,310.00
AC-P-1029-20251001,P-1029,2025-10-01,310.00
AC-P-1029-20251101,P-1029,2025-11-01,310.00
AC-P-1029-20251201,P-1029,2025-12-01,310.00
AC-P-1029-20260101,P-1029,2026-01-01,310.00
AC-P-1029-20260201,P-1029,2026-02-01,310.00
AC-P-1029-20260301,P-1029,2026-03-01,310.00
AC-P-1030-20250401,P-1030,2025-04-01,6000.00
AC-P-1030-20250501,P-1030,2025-05-01,6000.00
AC-P-1030-20250601,P-1030,2025-06-01,6000.00
AC-P-1030-20250701,P-1030,2025-07-01,6000.00
AC-P-1030-20250801,P-1030,2025-08-01,6000.00
AC-P-1030-20250901,P-1030,2025-09-01,6000.00
AC-P-1030-20251001,P-1030,2025-10-01,6000.00
AC-P-1030-20251101,P-1030,2025-11-01,6000.00
AC-P-1030-20251201,P-1030,2025-12-01,6000.00
AC-P-1030-20260101,P-1030,2026-01-01,6000.00
AC-P-1030-20260201,P-1030,2026-02-01,6000.00
AC-P-1030-20260301,P-1030,2026-03-01,6000.00
