transaction_id,party_key,month,amount,loaded_at
RT-P-1001-20251001-A,P-1001,2025-10-01,1000.00,2026-03-31 00:00:00
RT-P-1001-20251001-B,P-1001,2025-10-01,1400.00,2026-03-31 00:00:00
RT-P-1001-20251101,P-1001,2025-11-01,2400.00,2026-03-31 00:00:00
RT-P-1001-20251201,P-1001,2025-12-01,2400.00,2026-03-31 00:00:00
RT-P-1001-20260101,P-1001,2026-01-01,2400.00,2026-03-31 00:00:00
RT-P-1001-20260201,P-1001,2026-02-01,2400.00,2026-03-31 00:00:00
RT-P-1001-20260301,P-1001,2026-03-01,2400.00,2026-03-31 00:00:00
RT-P-1002-20251001,P-1002,2025-10-01,400.00,2026-03-31 00:00:00
RT-P-1002-20251101,P-1002,2025-11-01,400.00,2026-03-31 00:00:00
RT-P-1002-20251201,P-1002,2025-12-01,400.00,2026-03-31 00:00:00
RT-P-1002-20260101,P-1002,2026-01-01,400.00,2026-03-31 00:00:00
RT-P-1002-20260201,P-1002,2026-02-01,400.00,2026-03-31 00:00:00
RT-P-1002-20260301,P-1002,2026-03-01,400.00,2026-03-31 00:00:00
RT-P-1003-20251001,P-1003,2025-10-01,1800.00,2026-03-31 00:00:00
RT-P-1003-20251101,P-1003,2025-11-01,1800.00,2026-03-31 00:00:00
RT-P-1003-20251201,P-1003,2025-12-01,1800.00,2026-03-31 00:00:00
RT-P-1003-20260101,P-1003,2026-01-01,1800.00,2026-03-31 00:00:00
RT-P-1003-20260201,P-1003,2026-02-01,1800.00,2026-03-31 00:00:00
RT-P-1003-20260301,P-1003,2026-03-01,1800.00,2026-03-31 00:00:00
RT-P-1004-20251001,P-1004,2025-10-01,8000.00,2026-03-31 00:00:00
RT-P-1004-20251101,P-1004,2025-11-01,8000.00,2026-03-31 00:00:00
RT-P-1004-20251201,P-1004,2025-12-01,8000.00,2026-03-31 00:00:00
RT-P-1004-20260101,P-1004,2026-01-01,8000.00,2026-03-31 00:00:00
RT-P-1004-20260201,P-1004,2026-02-01,8000.00,2026-03-31 00:00:00
RT-P-1004-20260301,P-1004,2026-03-01,180000.00,2026-03-31 00:00:00
RT-P-1005-20251001,P-1005,2025-10-01,600.00,2026-03-31 00:00:00
RT-P-1005-20251101,P-1005,2025-11-01,200.00,2026-03-31 00:00:00
RT-P-1005-20251201,P-1005,2025-12-01,0.00,2026-03-31 00:00:00
RT-P-1005-20260101,P-1005,2026-01-01,0.00,2026-03-31 00:00:00
RT-P-1005-20260201,P-1005,2026-02-01,0.00,2026-03-31 00:00:00
RT-P-1005-20260301,P-1005,2026-03-01,0.00,2026-03-31 00:00:00
RT-P-1006-20251001,P-1006,2025-10-01,900.00,2026-03-31 00:00:00
RT-P-1006-20251101,P-1006,2025-11-01,900.00,2026-03-31 00:00:00
RT-P-1006-20251201,P-1006,2025-12-01,900.00,2026-03-31 00:00:00
RT-P-1006-20260101,P-1006,2026-01-01,900.00,2026-03-31 00:00:00
RT-P-1006-20260201,P-1006,2026-02-01,900.00,2026-03-31 00:00:00
RT-P-1006-20260301,P-1006,2026-03-01,900.00,2026-03-31 00:00:00
RT-P-1007-20251001,P-1007,2025-10-01,4500.00,2026-03-31 00:00:00
RT-P-1007-20251101,P-1007,2025-11-01,4500.00,2026-03-31 00:00:00
RT-P-1007-20251201,P-1007,2025-12-01,4500.00,2026-03-31 00:00:00
RT-P-1007-20260101,P-1007,2026-01-01,4500.00,2026-03-31 00:00:00
RT-P-1007-20260201,P-1007,2026-02-01,4500.00,2026-03-31 00:00:00
RT-P-1007-20260301,P-1007,2026-03-01,4500.00,2026-03-31 00:00:00
RT-P-1008-20260101,P-1008,2026-01-01,40.00,2026-03-31 00:00:00
RT-P-1008-20260201,P-1008,2026-02-01,,2026-03-31 00:00:00
RT-P-1008-20260301,P-1008,2026-03-01,45.00,2026-03-31 00:00:00
RT-P-1009-20251001,P-1009,2025-10-01,1100.00,2026-03-31 00:00:00
RT-P-1009-20251101,P-1009,2025-11-01,1100.00,2026-03-31 00:00:00
RT-P-1009-20251201,P-1009,2025-12-01,1100.00,2026-03-31 00:00:00
RT-P-1009-20260101,P-1009,2026-01-01,1100.00,2026-03-31 00:00:00
RT-P-1009-20260201,P-1009,2026-02-01,1100.00,2026-03-31 00:00:00
RT-P-1009-20260301,P-1009,2026-03-01,1100.00,2026-03-31 00:00:00
RT-P-1010-20251001,P-1010,2025-10-01,300.00,2026-03-31 00:00:00
RT-P-1010-20251101,P-1010,2025-11-01,300.00,2026-03-31 00:00:00
RT-P-1010-20251201,P-1010,2025-12-01,300.00,2026-03-31 00:00:00
RT-P-1010-20260101,P-1010,2026-01-01,300.00,2026-03-31 00:00:00
RT-P-1010-20260201,P-1010,2026-02-01,300.00,2026-03-31 00:00:00
RT-P-1010-20260301,P-1010,2026-03-01,300.00,2026-03-31 00:00:00
